station_id,elevation_m,corr_temp_vs_dewpoint,corr_temp_vs_rh,corr_rh_vs_dewpoint,corr_detr_temp_vs_dewpoint,corr_detr_temp_vs_rh,corr_detr_rh_vs_dewpoint
LlanPort,4760.0,0.23792290357235552,-0.18345894656231562,0.9050686832004404,0.11789800510042088,-0.21724102264772926,0.9374507393750423
LlanUp1,3955.0,-0.30075297383825494,-0.501722274388179,0.9707724399364107,-0.30448592456965784,-0.5023798085560695,0.9716136726489252
LlanUp2,4122.0,0.1651848814252588,-0.07717799912617943,0.9663898155841266,0.15758248387257814,-0.08687041176581131,0.9663724065601664
LlanUp3,4355.0,0.03895674601971013,-0.2235297201597058,0.9605060488715832,-0.02480484880406624,-0.27917201172796174,0.9625681462319721
LlanUp4,4560.0,0.26702002346783266,-0.01056458222944242,0.9548005379936514,0.23619980663035084,-0.04776014648413194,0.9538399504455799
LlanWX,3850.0,0.42903173933986616,0.11487975682736201,0.9443217888978469,0.4486910563207418,0.14291223072510245,0.9464011430468422
