station_id,elevation_m,temp_c_slope_decade,temp_c_slope_last20_decade,temp_c_slope_prev20_decade,temp_c_accel20_decade,temp_c_slope_last10_decade,temp_c_slope_prev10_decade,temp_c_accel10_decade,rh_pct_slope_decade,rh_pct_slope_last20_decade,rh_pct_slope_prev20_decade,rh_pct_accel20_decade,rh_pct_slope_last10_decade,rh_pct_slope_prev10_decade,rh_pct_accel10_decade,dewpoint_c_slope_decade,dewpoint_c_slope_last20_decade,dewpoint_c_slope_prev20_decade,dewpoint_c_accel20_decade,dewpoint_c_slope_last10_decade,dewpoint_c_slope_prev10_decade,dewpoint_c_accel10_decade
LlanPort,4760.0,2.158363106742344,2.158363106742344,,,2.158363106742344,,,-0.6897058643662096,-0.6897058643662096,,,-0.6897058643662096,,,2.0501192314945675,2.0501192314945675,,,2.0501192314945675,,
LlanUp1,3955.0,-0.117277825120358,-0.117277825120358,,,-0.07369976145988306,-0.14657043924494595,0.07287067778506288,0.43104110360460607,0.43104110360460607,,,3.884659063257642,-0.28528327200073794,4.16994233525838,-0.11118553118218288,-0.11118553118218288,,,0.5747068915866403,-0.41800173916428957,0.9927086307509299
LlanUp2,4122.0,0.19968105697530747,0.19968105697530747,,,0.6252181142785319,0.5379024144985761,0.08731569977995579,0.9107797006805883,0.9107797006805883,,,2.333574210208102,2.913430909989984,-0.5798566997818821,0.25769754631209396,0.25769754631209396,,,0.932119677960065,1.0807197046923043,-0.14860002673223927
LlanUp3,4355.0,0.43664646885140623,0.43664646885140623,,,0.045337494918006385,0.5040099041736598,-0.4586724092556534,1.8580835538946714,1.8580835538946714,,,1.6945525238945875,4.664816663920059,-2.970264140025471,0.6886448171522437,0.6886448171522437,,,0.21992984305170102,1.4513521028465217,-1.2314222597948208
LlanUp4,4560.0,0.27445283038277957,0.27445283038277957,,,0.8216549802099531,0.1234900992955222,0.6981648809144309,2.624575637351336,2.624575637351336,,,3.612487833472465,7.699347026814242,-4.086859193341777,0.6727512468861095,0.6727512468861095,,,1.4240809357164677,1.640024709492851,-0.2159437737763834
LlanWX,3850.0,-0.23052093617090968,-0.23052093617090968,,,0.01756845690974306,-0.3912703788436544,0.40883883575339747,2.911964968241714,2.911964968241714,,,5.2966322231390865,2.784554561556107,2.5120776615829796,0.3850360937160373,0.3850360937160373,,,1.2067542706351384,0.309850895604444,0.8969033750306944
